id,category_id,reference,width,height,price,thumbnail,image,description,stock
0,0,an-wdynd-L,14.97,25.02,23,https://marmelab.com/posters/animals-1.jpeg,https://marmelab.com/posters/animals-1.jpeg,Esse sed earum sapiente molestiae. Occaecati iusto vel non. Ex laboriosam voluptatum praesentium consequatur et officiis id explicabo. Ullam cupiditate id. Autem mollitia dolorem aut nam.,160
1,0,an-uk13o-T,36.27,32.14,68.71,https://marmelab.com/posters/animals-2.jpeg,https://marmelab.com/posters/animals-2.jpeg,Qui omnis suscipit soluta quidem sunt reiciendis exercitationem qui molestias. Aperiam odit ratione fugit iste. Quasi reiciendis suscipit illum blanditiis et dolor.,0
2,0,an-ae7lk-B,39.42,20.42,45.36,https://marmelab.com/posters/animals-3.jpeg,https://marmelab.com/posters/animals-3.jpeg,Quasi suscipit repudiandae perspiciatis omnis aut commodi eum mollitia maiores. Dolores voluptas architecto illo. Sapiente impedit aut quam sint et voluptate voluptas eos id.,181
3,0,an-8x875-I,38.03,33.49,78.81,https://marmelab.com/posters/animals-4.jpeg,https://marmelab.com/posters/animals-4.jpeg,Quisquam qui laboriosam et velit architecto commodi tempore architecto illo. Tenetur facilis voluptas quod. Tempore eaque sit. Voluptas itaque ea modi ut esse et quo aut nihil. Sed excepturi omnis laudantium est ut sit ut nulla. Qui esse dolorum velit.,0
4,0,an-67eej-J,32.63,24.8,46.22,https://marmelab.com/posters/animals-5.jpeg,https://marmelab.com/posters/animals-5.jpeg,Non ut tempora cupiditate culpa voluptas molestias aut quod. Vitae autem quo. Ipsum non explicabo vel sit temporibus error facilis reprehenderit.,227
5,0,an-cvxth-Y,28.93,14.15,26.03,https://marmelab.com/posters/animals-6.jpeg,https://marmelab.com/posters/animals-6.jpeg,Facilis tempora ducimus cum sapiente totam ipsum quia. Dolore est aliquam voluptas recusandae enim mollitia. Dolores et voluptate unde pariatur rerum quia reiciendis mollitia.,78
6,0,an-5mg8v-V,17.04,37.81,32.37,https://marmelab.com/posters/animals-7.jpeg,https://marmelab.com/posters/animals-7.jpeg,Nihil labore error ut vitae accusantium accusantium et quia magni. Excepturi inventore ad impedit qui exercitationem commodi. Enim ut recusandae sapiente corrupti assumenda distinctio fuga id reprehenderit. Et mollitia excepturi reiciendis ipsa. Explicabo molestiae perspiciatis rem earum perferendis voluptas distinctio.,95
7,0,an-rxuuk-S,39.1,38.6,77.62,https://marmelab.com/posters/animals-8.jpeg,https://marmelab.com/posters/animals-8.jpeg,Harum pariatur sit minima rerum. Ullam suscipit fuga sapiente sapiente id sed laborum culpa. Quo iste est est ut tenetur dolore molestiae iusto. Qui quia tempora sunt explicabo.,4
8,0,an-2yfpk-G,23.98,39.54,61.91,https://marmelab.com/posters/animals-9.jpeg,https://marmelab.com/posters/animals-9.jpeg,Non animi ducimus enim. Rerum vero dolor et dolores doloremque rerum iste. Ipsam quasi nesciunt. Aliquam doloremque fugit eveniet ut officia alias necessitatibus.,198
9,0,an-zzriq-X,13.38,15.02,11.21,https://marmelab.com/posters/animals-10.jpeg,https://marmelab.com/posters/animals-10.jpeg,Ut dolorem nisi. Dolorum aut qui voluptatem. Consectetur magnam sed architecto quidem magni. Sunt aut molestias. Vero quam neque non animi nobis at.,157
10,1,be-8dgr9-F,14.25,34.84,30.12,https://marmelab.com/posters/beard-1.jpeg,https://marmelab.com/posters/beard-1.jpeg,Ratione ad harum mollitia dolor ipsum voluptatem consequatur. Doloremque voluptates vel. Ad quod nihil occaecati et voluptatem exercitationem vero ut. Quia magnam et temporibus. Labore saepe perferendis omnis ab esse.,197
11,1,be-of25w-V,39.52,39.48,79.09,https://marmelab.com/posters/beard-2.jpeg,https://marmelab.com/posters/beard-2.jpeg,Excepturi sit voluptatem atque qui illum cum ut incidunt voluptatem. Impedit rem amet reiciendis ut error. Et illum sunt est cumque optio alias voluptas nemo.,223
12,1,be-kohko-S,28.38,18.87,27.21,https://marmelab.com/posters/beard-3.jpeg,https://marmelab.com/posters/beard-3.jpeg,Hic optio debitis cumque totam voluptas error sunt. Qui saepe aperiam cupiditate deserunt in incidunt voluptatem atque harum. Laborum cupiditate sed vero pariatur aut est. Odio debitis tempora.,132
13,1,be-86fed-L,20.69,36.97,47.89,https://marmelab.com/posters/beard-4.jpeg,https://marmelab.com/posters/beard-4.jpeg,Optio asperiores sed deserunt voluptatem. Vitae iusto quis nihil ad. Totam excepturi quos esse. Nesciunt quos enim ut ducimus. Deleniti debitis delectus eum illum placeat voluptatibus illo quia illum.,83
14,1,be-ypkum-F,36.5,26.55,51.51,https://marmelab.com/posters/beard-5.jpeg,https://marmelab.com/posters/beard-5.jpeg,Animi maiores voluptatum aliquid consequatur corporis tenetur. Quod voluptatibus voluptatum est facilis voluptatem itaque velit voluptatem. Illum quia eum ratione ut.,19
15,1,be-3x2gm-U,27.05,29.66,48.23,https://marmelab.com/posters/beard-6.jpeg,https://marmelab.com/posters/beard-6.jpeg,Adipisci nisi dicta suscipit enim ut necessitatibus quod autem. Et nemo dolorem aspernatur quas possimus recusandae aut odio. Rerum beatae sint placeat natus iusto.,0
16,1,be-of802-W,39.45,26.52,58.33,https://marmelab.com/posters/beard-7.jpeg,https://marmelab.com/posters/beard-7.jpeg,Quos quis nisi delectus rerum ut consectetur. Et dolorem nobis molestiae similique aut et. Id rerum non vel ut aut.,56
17,1,be-t700w-O,29.02,30.61,52.4,https://marmelab.com/posters/beard-8.jpeg,https://marmelab.com/posters/beard-8.jpeg,At aut perspiciatis autem ullam. Et iure labore optio mollitia illo omnis similique laudantium. Pariatur aut magni saepe ipsa cum tempora consequatur ipsum beatae. Autem asperiores illo aut qui nesciunt sed. Quam error laborum earum repudiandae. Labore est hic quibusdam voluptatem natus.,198
18,1,be-4lsxm-X,39.52,13.18,32.49,https://marmelab.com/posters/beard-9.jpeg,https://marmelab.com/posters/beard-9.jpeg,Veritatis asperiores autem. Quo sunt soluta in. Quidem numquam doloribus officiis perspiciatis voluptatem non. Quo repudiandae sequi distinctio illum doloribus. Iusto qui animi aperiam fugiat distinctio.,0
19,1,be-s7eb8-A,26.93,15.96,21.93,https://marmelab.com/posters/beard-10.jpeg,https://marmelab.com/posters/beard-10.jpeg,Adipisci odio consequatur. Ab nemo alias voluptatibus. Pariatur accusantium cupiditate odio.,175
20,2,bu-d59ih-O,15.45,31.8,26.78,https://marmelab.com/posters/business-1.jpeg,https://marmelab.com/posters/business-1.jpeg,Consequatur voluptatem dolore rerum. Reprehenderit atque repellat vero inventore maxime reiciendis nisi inventore eos. Doloribus quod dolorem illum nesciunt dolorum reprehenderit blanditiis. Quas dolore ratione voluptatem debitis.,168
21,2,bu-pei7v-V,14.29,39.16,36.96,https://marmelab.com/posters/business-2.jpeg,https://marmelab.com/posters/business-2.jpeg,Quia aut iusto fugiat. Possimus aut impedit reiciendis rerum eaque. Aut adipisci quae dolorem in eum doloremque iure. Dolor dolores error ea reprehenderit accusantium voluptas veritatis consequatur illo. Fugiat quia nostrum corporis suscipit et esse.,110
22,2,bu-62wzi-K,10.43,11.87,6.44,https://marmelab.com/posters/business-3.jpeg,https://marmelab.com/posters/business-3.jpeg,Temporibus deleniti earum autem aut voluptas veritatis ut. Eum ut dignissimos unde quia fugiat fuga. Ipsum pariatur nostrum earum omnis.,246
23,2,bu-dvmy5-M,38.45,30.56,69.73,https://marmelab.com/posters/business-4.jpeg,https://marmelab.com/posters/business-4.jpeg,Quia qui sit dolorem qui qui et maiores. Perferendis error pariatur commodi. Ducimus unde porro debitis.,150
24,2,bu-tsi90-S,25.11,39.92,52.47,https://marmelab.com/posters/business-5.jpeg,https://marmelab.com/posters/business-5.jpeg,Quo omnis est dolorem non iusto. Est ratione eos aliquam saepe voluptas quam. Quaerat ut nisi temporibus sed soluta. In quam autem quibusdam similique dolores possimus quisquam ea velit. Molestiae rerum blanditiis.,226
25,2,bu-flnxy-R,35.66,25.3,53.82,https://marmelab.com/posters/business-6.jpeg,https://marmelab.com/posters/business-6.jpeg,Non incidunt esse sed sint et quo impedit quia in. Eum consequatur inventore consequatur explicabo molestias provident molestiae. Quia quia officiis inventore.,200
26,2,bu-5llbt-R,33,13.8,26.65,https://marmelab.com/posters/business-7.jpeg,https://marmelab.com/posters/business-7.jpeg,Cumque quae omnis. Commodi qui quia quis inventore repudiandae perspiciatis qui. Veritatis quis quisquam. Commodi et ipsum velit cum sed eius molestiae eos.,46
27,2,bu-66ket-I,30.65,10.68,17.66,https://marmelab.com/posters/business-8.jpeg,https://marmelab.com/posters/business-8.jpeg,Rerum temporibus nihil eveniet. Accusantium unde minus eius earum minima velit quibusdam sit qui. Rerum et nemo et voluptas qui dolores qui tempore in.,4
28,2,bu-pywan-M,12.89,20.12,16.59,https://marmelab.com/posters/business-9.jpeg,https://marmelab.com/posters/business-9.jpeg,Labore qui iusto corporis magnam quod. Ea blanditiis quos explicabo et dolorem id. Non aliquam beatae aliquam quisquam illo quas. Vel aliquid non error repudiandae minus porro. Ea id ea ut maxime possimus ea. Voluptas vel et quod placeat unde eveniet sed.,64
29,2,bu-jmm83-R,12.58,10.41,7.72,https://marmelab.com/posters/business-10.jpeg,https://marmelab.com/posters/business-10.jpeg,Rerum harum magnam voluptates et officiis numquam minus. Esse saepe laborum. Modi assumenda aliquam ut rem facilis et. Est quasi exercitationem. Consequatur rerum dolorum aut. Necessitatibus saepe laboriosam velit occaecati et dolorum.,0
30,3,ca-d8yte-S,25.66,18.54,29.88,https://marmelab.com/posters/cars-1.jpeg,https://marmelab.com/posters/cars-1.jpeg,Voluptatibus veniam voluptatibus totam officiis ipsam provident. Ipsa quo voluptas explicabo voluptatibus velit sequi similique et sit. Ut distinctio nostrum deleniti atque quaerat voluptas. Et ea illum debitis omnis dolore est. Aspernatur numquam aperiam ut quia. Iure neque reprehenderit exercitationem ullam sed est reprehenderit quae.,98
31,3,ca-fx9so-Q,21.59,29.22,36.68,https://marmelab.com/posters/cars-2.jpeg,https://marmelab.com/posters/cars-2.jpeg,Consequatur ut et. Suscipit nemo dolores mollitia molestiae quo beatae eum non. Voluptate consectetur officia qui sint vero officiis labore.,113
32,3,ca-xekli-S,12.3,27.74,22.19,https://marmelab.com/posters/cars-3.jpeg,https://marmelab.com/posters/cars-3.jpeg,Praesentium facere expedita ut et minima officia inventore voluptate. Hic non ipsam corporis necessitatibus molestiae fugiat tempora. Eius temporibus beatae.,244
33,3,ca-0valb-J,37.45,35.77,73.95,https://marmelab.com/posters/cars-4.jpeg,https://marmelab.com/posters/cars-4.jpeg,Delectus nesciunt suscipit voluptas cum aperiam nesciunt. Sunt porro doloribus voluptas magnam. Delectus enim asperiores ipsum dolore molestiae illum fugit et in. Id rem ipsa tempora aperiam tenetur iure ut id. Ea laboriosam maxime dolores est rerum reprehenderit omnis corporis cupiditate.,184
34,3,ca-0ct5q-U,15.16,12.89,10.77,https://marmelab.com/posters/cars-5.jpeg,https://marmelab.com/posters/cars-5.jpeg,Non laboriosam consequatur et consectetur recusandae mollitia et. Sit voluptatem aperiam eveniet aut. Eius rem qui sint. Libero non dolor corporis omnis laudantium iste ut aut consequatur. Dolorem quis incidunt ipsam esse eveniet.,29
35,3,ca-v90sz-L,25.55,19.36,30.01,https://marmelab.com/posters/cars-6.jpeg,https://marmelab.com/posters/cars-6.jpeg,Autem distinctio voluptatum excepturi quo sed. Optio molestiae commodi expedita dolores. Distinctio minus qui nobis nulla reiciendis et eveniet quod. Aut sit saepe nam magni odio facere.,206
36,3,ca-tzdh5-L,19.02,21.42,25.68,https://marmelab.com/posters/cars-7.jpeg,https://marmelab.com/posters/cars-7.jpeg,Aut vel illo molestiae voluptatem deserunt blanditiis amet eaque. Eum libero excepturi rem assumenda voluptas a omnis voluptatem. Voluptas illo vel itaque voluptatibus et soluta et quas nesciunt. Voluptate repellat atque a sed libero. Illum perspiciatis delectus reprehenderit molestias ut.,110
37,3,ca-c83un-O,18.65,14.05,16.07,https://marmelab.com/posters/cars-8.jpeg,https://marmelab.com/posters/cars-8.jpeg,Dolore aut dignissimos omnis dolores. Omnis cupiditate itaque. Similique rerum est placeat.,7
38,3,ca-kbk1u-M,31.8,16.91,29.21,https://marmelab.com/posters/cars-9.jpeg,https://marmelab.com/posters/cars-9.jpeg,Rem rerum totam cum rerum quaerat. Est sed est illum laudantium alias tenetur distinctio voluptates. Quis quisquam laudantium incidunt ducimus dolore repudiandae. Sint necessitatibus rerum deserunt. Et nisi atque officiis in commodi sint. Sit eum commodi in placeat fugiat.,228
39,3,ca-q8vw2-O,39.7,22.17,54.55,https://marmelab.com/posters/cars-10.jpeg,https://marmelab.com/posters/cars-10.jpeg,Ipsum et qui repudiandae cumque omnis eaque. Libero nostrum culpa fugit ratione similique quibusdam corporis. Qui id est consequuntur unde est reiciendis aut commodi consequatur. Qui iusto eligendi et rem. Sint voluptatem saepe non ipsa.,220
40,4,ci-m2z1s-D,31.87,39.55,70.78,https://marmelab.com/posters/city-1.jpeg,https://marmelab.com/posters/city-1.jpeg,Facere alias possimus. Qui vero quam tempore illum aut. Aut quidem rerum est. Quo est non minima autem.,140
41,4,ci-x3jn6-C,36.23,15.12,28.19,https://marmelab.com/posters/city-2.jpeg,https://marmelab.com/posters/city-2.jpeg,Dolore repellat cum et voluptatem quos sit. Quod dolorum nostrum qui ut velit possimus mollitia vel at. Sit nihil accusamus. Sequi autem rerum aut natus sit quasi impedit. Veritatis qui voluptatem et nulla.,207
42,4,ci-zpglp-N,27.03,38.14,55.82,https://marmelab.com/posters/city-3.jpeg,https://marmelab.com/posters/city-3.jpeg,Aliquam quam nihil nesciunt id velit ipsam et. Possimus voluptas est. Quaerat totam provident voluptatem aut. Quia enim mollitia. Optio maiores culpa.,101
43,4,ci-ivkip-I,23.94,15.79,20.69,https://marmelab.com/posters/city-4.jpeg,https://marmelab.com/posters/city-4.jpeg,Autem culpa ratione in rerum. Pariatur aut vel quisquam aperiam minima maiores. Adipisci vero accusantium unde ratione et. Vel et commodi eaque amet ut mollitia.,202
44,4,ci-ue0ve-F,31.9,37.6,78.15,https://marmelab.com/posters/city-5.jpeg,https://marmelab.com/posters/city-5.jpeg,Officiis ut qui ea omnis repellat consequatur odio. Ad blanditiis aperiam quia quia. Et quia exercitationem alias possimus in omnis cum sequi repellendus. Earum distinctio quia est quia harum aspernatur consectetur.,107
45,4,ci-ls6ad-G,29.86,39.25,73.77,https://marmelab.com/posters/city-6.jpeg,https://marmelab.com/posters/city-6.jpeg,Aut est est. Delectus cum sit suscipit dolorem enim sapiente excepturi. Nihil nesciunt rerum sed voluptatem odio quo sunt tempora sed.,0
46,4,ci-fabeg-D,34.93,23.68,51.72,https://marmelab.com/posters/city-7.jpeg,https://marmelab.com/posters/city-7.jpeg,Ipsam tempore corrupti architecto omnis. Vel atque architecto. Modi qui accusamus eum quas incidunt. Minima laboriosam vitae veniam impedit. Ut rem non tempora eveniet molestiae qui odit. Voluptas id debitis.,207
47,4,ci-94vze-C,22.08,28.23,34.97,https://marmelab.com/posters/city-8.jpeg,https://marmelab.com/posters/city-8.jpeg,Id voluptates sint aut esse. Error harum sunt omnis. Dignissimos cupiditate omnis est aut ea quis. Aliquid similique occaecati non incidunt qui neque voluptas non est. Qui optio deleniti impedit nisi. Ipsum sunt provident eum a minus aspernatur sunt rerum quia.,23
48,4,ci-gzzbm-D,16.54,38.67,33.12,https://marmelab.com/posters/city-9.jpeg,https://marmelab.com/posters/city-9.jpeg,Velit et omnis aut maiores qui architecto cupiditate suscipit. Aliquam provident aliquam consequatur deserunt maxime magnam voluptatem quos. Aut consequatur occaecati asperiores tempora aut dolore.,2
49,4,ci-ecafl-H,25.98,35.01,59.21,https://marmelab.com/posters/city-10.jpeg,https://marmelab.com/posters/city-10.jpeg,Mollitia labore doloremque ut quia quia. Dolorem dolorem dolor tempore quia velit officia nulla. Et pariatur excepturi asperiores et illo et quae.,75
50,5,fl-ovdcd-W,21.64,27.95,38.41,https://marmelab.com/posters/flowers-1.jpeg,https://marmelab.com/posters/flowers-1.jpeg,Dolorum nemo doloribus consectetur eligendi doloremque explicabo dolore vitae. Optio non et est. Omnis assumenda nihil. Et nulla id autem quisquam.,44
51,5,fl-ds6fs-O,28.25,18.39,27.64,https://marmelab.com/posters/flowers-2.jpeg,https://marmelab.com/posters/flowers-2.jpeg,Ea quos odit quas omnis. Quis quis consequatur natus ex. Inventore quia reprehenderit et doloribus sunt sed. Ut in et temporibus molestias facere est. Ex ut molestias similique velit quas mollitia quia.,191
52,5,fl-n0xn8-H,28.06,35.18,54.41,https://marmelab.com/posters/flowers-3.jpeg,https://marmelab.com/posters/flowers-3.jpeg,Mollitia error voluptas dolorem ea id assumenda earum quae. Minus sequi ut et eius nesciunt. Quidem animi et. Enim totam eligendi eaque aperiam quibusdam repellendus nesciunt qui. Ut expedita deserunt. Maxime dicta adipisci quis minus hic consequatur.,149
53,5,fl-teym4-S,36.37,23.39,43.89,https://marmelab.com/posters/flowers-4.jpeg,https://marmelab.com/posters/flowers-4.jpeg,Consequuntur dolorem nostrum. Eos nihil qui sunt neque. Reiciendis laudantium sunt aliquam ut magnam veniam et deserunt. Dolorum asperiores et ut.,71
54,5,fl-0gyzs-A,29.61,26.98,50.6,https://marmelab.com/posters/flowers-5.jpeg,https://marmelab.com/posters/flowers-5.jpeg,Rerum odio animi. Saepe atque cum. Ut non distinctio beatae optio sit ex quam odio expedita. Qui atque blanditiis hic itaque sunt et reprehenderit sint non.,171
55,5,fl-tuoej-C,23.37,11.91,15.5,https://marmelab.com/posters/flowers-6.jpeg,https://marmelab.com/posters/flowers-6.jpeg,In corrupti rerum eum repudiandae ad. Dolores sed officiis reprehenderit eligendi sit. Odit distinctio iusto sit sint praesentium adipisci laborum inventore. Deserunt dolore dolorem explicabo nobis consectetur voluptates aut. Voluptate quaerat consequatur vero dolore eum placeat architecto. Tempora illum in repellendus alias ut quis voluptatibus qui.,0
56,5,fl-fpu7y-Q,39.23,16.36,34.44,https://marmelab.com/posters/flowers-7.jpeg,https://marmelab.com/posters/flowers-7.jpeg,Sunt rerum sed saepe ipsa et ipsam asperiores. Qui eos quia reiciendis tempore quod voluptas rerum. Est mollitia modi.,0
57,5,fl-8d231-S,35.9,12.82,24.69,https://marmelab.com/posters/flowers-8.jpeg,https://marmelab.com/posters/flowers-8.jpeg,Dicta necessitatibus dolorem possimus et blanditiis animi voluptatem. Et quis deserunt possimus. Sed dolores nostrum error. Est et vitae dolore delectus. Ut eos eius omnis ut eos impedit.,88
58,5,fl-pzl7a-G,28.27,16.97,29.43,https://marmelab.com/posters/flowers-9.jpeg,https://marmelab.com/posters/flowers-9.jpeg,Autem in sit quaerat ea voluptatem. Modi et a veniam eum est vel inventore atque. Odit cumque tenetur occaecati aspernatur et enim provident.,199
59,5,fl-re501-U,33.53,37.93,64.08,https://marmelab.com/posters/flowers-10.jpeg,https://marmelab.com/posters/flowers-10.jpeg,Aut nemo exercitationem nihil est. Dolorem aut et sequi dolor enim ad sed quia. Ad nisi dolorem ut et est numquam magnam aut provident. Ipsa sed amet reprehenderit.,99
60,6,fo-ko34f-R,31.13,32.52,57.83,https://marmelab.com/posters/food-1.jpeg,https://marmelab.com/posters/food-1.jpeg,Temporibus blanditiis accusantium. Ea voluptatum quaerat molestias ut amet aut. Maiores blanditiis explicabo quaerat.,149
61,6,fo-uaqik-X,25.88,23.66,32.43,https://marmelab.com/posters/food-2.jpeg,https://marmelab.com/posters/food-2.jpeg,Adipisci ex consectetur accusantium vel explicabo dolorum consequatur et eligendi. Ipsum consectetur provident. Amet aperiam ipsam. Officiis incidunt dignissimos nostrum veritatis excepturi qui tempora. Voluptas voluptas voluptatem rerum aut molestias est voluptas.,188
62,6,fo-k9cxy-I,16.23,12.84,12.36,https://marmelab.com/posters/food-3.jpeg,https://marmelab.com/posters/food-3.jpeg,Ratione sit laborum. Aut fugit et est. Perspiciatis sequi vitae repellat magni tenetur accusantium.,0
63,6,fo-nwrbk-R,23.38,10.38,14.82,https://marmelab.com/posters/food-4.jpeg,https://marmelab.com/posters/food-4.jpeg,Sapiente est reprehenderit hic quia molestias facere saepe nostrum recusandae. Aperiam officia in et dolores vitae. Voluptatem omnis explicabo explicabo molestias minima. Qui aut ut consequatur qui voluptatem distinctio quis. Quam quidem ut officia. Commodi libero laborum quia quasi.,113
64,6,fo-43rh0-Y,19.98,13.23,16.2,https://marmelab.com/posters/food-5.jpeg,https://marmelab.com/posters/food-5.jpeg,Voluptatum sit fugiat eum est rerum voluptatem voluptates. Ex ipsam iure sit voluptatem saepe in quibusdam. Quam numquam maxime assumenda totam error quia ut quibusdam sunt. Aut qui aspernatur et qui perspiciatis.,69
65,6,fo-xpt9f-K,27.09,24.31,34.37,https://marmelab.com/posters/food-6.jpeg,https://marmelab.com/posters/food-6.jpeg,Repudiandae dicta occaecati expedita distinctio numquam dolorem corrupti repudiandae totam. Magni accusantium voluptatum tempora quas harum laudantium consequatur libero. Veritatis repellat quo quibusdam quos eos.,0
66,6,fo-9znhs-O,22.36,20.6,26.57,https://marmelab.com/posters/food-7.jpeg,https://marmelab.com/posters/food-7.jpeg,Expedita provident consequuntur possimus cupiditate rerum est omnis repellendus. Et et nihil error architecto ea consequatur adipisci est ut. Repellat voluptatem ipsa quod. A officia officia dicta quibusdam perferendis qui. Qui enim ullam assumenda odit soluta. Sint maxime libero qui temporibus veniam ratione reprehenderit voluptates doloribus.,0
67,6,fo-i3lvh-A,18.97,36.5,36.78,https://marmelab.com/posters/food-8.jpeg,https://marmelab.com/posters/food-8.jpeg,Quidem possimus quae ut rerum rerum voluptas vel. Non minima repudiandae quibusdam et velit perferendis. Ut qui dolore sapiente inventore vero eaque. Dolore et laudantium voluptatem quia. Voluptatem aut sit accusantium reiciendis.,15
68,6,fo-hl32o-A,27.01,22.01,37.81,https://marmelab.com/posters/food-9.jpeg,https://marmelab.com/posters/food-9.jpeg,Est magni expedita eum dignissimos odit. Repellat soluta voluptatum officia unde alias numquam amet et et. Aut sunt molestias minus. Quia ut dolores quisquam ex sit provident sapiente omnis doloremque. Ut nemo est debitis est est. Magnam et officiis quia molestias suscipit repellat.,151
69,6,fo-3ve0d-A,28.39,22.49,32.33,https://marmelab.com/posters/food-10.jpeg,https://marmelab.com/posters/food-10.jpeg,Numquam impedit numquam doloribus dolorem ut a. Velit praesentium fugiat voluptas ut eaque. Voluptatum nihil ut dolor qui dolorem rerum. Deserunt quis asperiores laborum aut ut necessitatibus.,0
70,7,na-vu8bc-D,33.92,22.23,47.15,https://marmelab.com/posters/nature-1.jpeg,https://marmelab.com/posters/nature-1.jpeg,Velit harum aspernatur tenetur sed in quasi dolores voluptas. Sed ea nostrum consequatur vitae tempore. Ad eaque saepe omnis temporibus cumque dolorum. Modi adipisci repellat maiores laborum dicta sed cupiditate sapiente consectetur.,84
71,7,na-4c8t5-P,14.54,36.29,33.28,https://marmelab.com/posters/nature-2.jpeg,https://marmelab.com/posters/nature-2.jpeg,Impedit quo eligendi sint eaque ipsam neque exercitationem. Atque excepturi natus dolorum. Ut quia officia occaecati. Et fuga minus nemo nam tempore. Numquam odio id rem.,0
72,7,na-9ukv6-H,34.77,32.31,64.17,https://marmelab.com/posters/nature-3.jpeg,https://marmelab.com/posters/nature-3.jpeg,Rerum rem ut. Dolorem aut ea velit praesentium iste. Nisi cum beatae et veritatis mollitia voluptatibus itaque id. Ipsa sit ullam quibusdam.,20
73,7,na-kjq9i-T,21.02,11.75,15.52,https://marmelab.com/posters/nature-4.jpeg,https://marmelab.com/posters/nature-4.jpeg,Ea vitae totam ipsum dicta ut quia ipsa. Animi corporis aut aut. Sapiente delectus impedit assumenda voluptates autem minima. Incidunt modi aut omnis ratione quae.,189
74,7,na-u7lby-M,31.59,28.07,53.02,https://marmelab.com/posters/nature-5.jpeg,https://marmelab.com/posters/nature-5.jpeg,Sed deserunt maxime fuga. Fuga est quisquam ea aliquam aut et. Vero recusandae ut quia quaerat ut aut est quidem quis. Aut accusamus dolorum exercitationem ipsa voluptas voluptatem quasi. Tempore qui rerum rerum alias voluptas rerum occaecati.,0
75,7,na-fc179-H,26.64,39.35,55.67,https://marmelab.com/posters/nature-6.jpeg,https://marmelab.com/posters/nature-6.jpeg,Eos eius suscipit praesentium dolorum hic sit ipsum. Ipsam animi eos totam sint laudantium. Quia quia iure tempore magni dolorem at ut iusto repellat. Sint aspernatur sit sunt molestias est sit.,77
76,7,na-v76bt-S,35.96,33.92,63.62,https://marmelab.com/posters/nature-7.jpeg,https://marmelab.com/posters/nature-7.jpeg,Ut et in eius impedit tempore necessitatibus totam cum. Sed facere adipisci tenetur vero ea amet. Qui consectetur magnam numquam ab numquam hic. Veniam sit ipsam ad alias.,232
77,7,na-tq0am-L,30.35,32.26,63.89,https://marmelab.com/posters/nature-8.jpeg,https://marmelab.com/posters/nature-8.jpeg,Sed ut quo id rem eos voluptatibus. Aut totam neque voluptate dolor ipsum aut explicabo velit. Ab minus aut aperiam magni quisquam et dolorem qui aut. Omnis error quia animi.,68
78,7,na-is9vl-I,11.33,38.55,23.64,https://marmelab.com/posters/nature-9.jpeg,https://marmelab.com/posters/nature-9.jpeg,Quod voluptatem eum et aliquid deserunt. Nesciunt quis illo delectus nemo. Tenetur soluta fugiat et est. Ipsum incidunt officiis aut. Delectus laudantium veritatis. Culpa tempore sed harum ex.,73
79,7,na-gvp6y-A,11.38,24.13,16.37,https://marmelab.com/posters/nature-10.jpeg,https://marmelab.com/posters/nature-10.jpeg,Magni velit praesentium illo. Aspernatur qui asperiores repudiandae sint voluptatibus debitis. Nesciunt beatae pariatur excepturi sed dicta iusto. Animi dolore voluptatum dolorem ipsa ut quo asperiores. Non non autem sequi. Perspiciatis aperiam itaque nulla reprehenderit rerum autem.,226
80,8,pe-6dz4u-A,35.23,33.12,75.49,https://marmelab.com/posters/people-1.jpeg,https://marmelab.com/posters/people-1.jpeg,Earum aliquam officia dolore. Sint consequatur odit. Tenetur minima aut quaerat eveniet corporis consectetur occaecati sapiente.,0
81,8,pe-mshu3-V,10.47,25.24,17.28,https://marmelab.com/posters/people-2.jpeg,https://marmelab.com/posters/people-2.jpeg,Culpa esse et officiis enim error sapiente. Necessitatibus rem aut sint delectus saepe. Voluptas repellat aperiam quas ut. Sed officiis fugit rerum eius temporibus sint. Nulla quo corporis nihil autem labore harum.,0
82,8,pe-kf03w-G,31.84,38.57,79.26,https://marmelab.com/posters/people-3.jpeg,https://marmelab.com/posters/people-3.jpeg,Laudantium laudantium nihil in rerum quis quo mollitia voluptatibus accusantium. Aut aut aut modi velit quisquam. Rem blanditiis tempora qui. Dignissimos laborum necessitatibus saepe nihil sapiente. Voluptatem consequatur velit expedita. Aliquid vero commodi sunt voluptatem totam iure incidunt repellat.,197
83,8,pe-tk5eq-S,24.44,34.89,55.8,https://marmelab.com/posters/people-4.jpeg,https://marmelab.com/posters/people-4.jpeg,Ut adipisci ut id quia. Quisquam nulla saepe voluptatem minus veritatis incidunt. Ipsam voluptas dolorem quam provident.,139
84,8,pe-rji5a-O,35.45,12.43,28.99,https://marmelab.com/posters/people-5.jpeg,https://marmelab.com/posters/people-5.jpeg,Nihil est atque veniam maiores. Non et amet velit ut velit et excepturi. Incidunt voluptatibus aut et ut velit ut et voluptatum.,23
85,8,pe-1uwtw-J,37.88,33.26,74.08,https://marmelab.com/posters/people-6.jpeg,https://marmelab.com/posters/people-6.jpeg,Explicabo non omnis soluta blanditiis minima in. Quas doloremque quia esse id dignissimos at in non. Magnam ipsum cupiditate quas. Ex dolor distinctio occaecati ad nisi fugiat.,60
86,8,pe-1ubh9-R,33.5,33.51,60.22,https://marmelab.com/posters/people-7.jpeg,https://marmelab.com/posters/people-7.jpeg,Vitae nemo excepturi quisquam et ut non beatae. Necessitatibus aut esse veniam sunt ipsum aut. Quis suscipit aut est. Placeat quasi labore et quis rerum.,212
87,8,pe-g7ux4-K,28.17,18.22,32.29,https://marmelab.com/posters/people-8.jpeg,https://marmelab.com/posters/people-8.jpeg,Et alias laudantium. Dolores assumenda perferendis rerum. Et sint soluta vel ipsa. Culpa voluptatem blanditiis perferendis vel dolorem reiciendis provident quis sit. Voluptatem unde facilis et.,0
88,8,pe-exmk9-S,31.51,11.09,17.95,https://marmelab.com/posters/people-9.jpeg,https://marmelab.com/posters/people-9.jpeg,Maiores repellendus sapiente eum hic. Velit vel error. Vero et rerum voluptatibus accusamus velit modi.,162
89,8,pe-ee7pa-H,20.81,13.83,15.52,https://marmelab.com/posters/people-10.jpeg,https://marmelab.com/posters/people-10.jpeg,Error cum reiciendis odio sint omnis autem id deleniti impedit. Ut exercitationem ut nobis aut eaque libero eveniet id. Inventore perferendis aut quod facere amet harum modi esse ut. Odio rerum consequatur placeat.,0
90,9,sp-vljp6-T,33.06,34.48,71.1,https://marmelab.com/posters/sports-1.jpeg,https://marmelab.com/posters/sports-1.jpeg,Vitae eum voluptate. Eaque alias velit eius veniam aut voluptas. Dolor aliquam aliquid quia excepturi odio voluptatem id harum accusantium. Aperiam error qui sunt officiis molestias. Mollitia aperiam neque.,21
91,9,sp-d61bi-X,20.19,38.32,49.04,https://marmelab.com/posters/sports-2.jpeg,https://marmelab.com/posters/sports-2.jpeg,Et aliquam reiciendis. Natus et ea. Consequuntur quia hic officia hic et praesentium ea. Labore ut reprehenderit et nulla iste consequatur magni voluptatem incidunt.,132
92,9,sp-dfti4-K,20.34,14.52,16.1,https://marmelab.com/posters/sports-3.jpeg,https://marmelab.com/posters/sports-3.jpeg,Culpa culpa pariatur fugit provident dolorum quia. Odio sunt molestiae quod quasi quibusdam qui. Nihil libero mollitia debitis tempora quo ducimus perspiciatis possimus. Minima ducimus nulla facere sequi ut alias. Asperiores error architecto consequatur facere corrupti dolorem ducimus nisi.,119
93,9,sp-0mmve-R,13.43,13.63,9.17,https://marmelab.com/posters/sports-4.jpeg,https://marmelab.com/posters/sports-4.jpeg,Quibusdam et soluta cumque cum est aut modi quas. Aliquid quidem eos et blanditiis. Nostrum ipsam occaecati voluptatem doloribus inventore voluptas et. Debitis et id alias omnis nesciunt placeat quae. Voluptatibus quia quam. Quo quasi laboriosam maxime architecto voluptatem quo non at.,128
94,9,sp-dqyzo-G,29.93,14.21,23.93,https://marmelab.com/posters/sports-5.jpeg,https://marmelab.com/posters/sports-5.jpeg,Accusamus perferendis incidunt illum illo illo est facilis cum. Ratione ad voluptas ex doloribus et commodi delectus excepturi. Consequatur maiores quo aut ut iste exercitationem vel pariatur. Animi cupiditate atque enim totam quis quam ut. Eveniet omnis quo rerum quaerat eos et magnam qui eveniet.,0
95,9,sp-bxwu7-I,11.67,25.86,16.49,https://marmelab.com/posters/sports-6.jpeg,https://marmelab.com/posters/sports-6.jpeg,Amet error voluptas ex sed sit vel cupiditate velit. Dignissimos aspernatur nesciunt. Aut omnis et qui sit saepe voluptate quos aut. Hic aperiam sed ea qui enim et. Maiores dolorum voluptatibus vero et. Aut aut culpa optio dolorem ut error necessitatibus ullam numquam.,0
96,9,sp-1c21g-N,18.71,25.11,29.38,https://marmelab.com/posters/sports-7.jpeg,https://marmelab.com/posters/sports-7.jpeg,Dolorem porro blanditiis maiores eos dolorum officiis. Dolorem ut aliquam illo laudantium in. Et illo aut qui repellendus. Et sapiente non excepturi qui aut debitis. Enim dolorem officia perspiciatis possimus voluptate odit doloremque explicabo.,92
97,9,sp-opl5p-J,25.16,11.96,17.57,https://marmelab.com/posters/sports-8.jpeg,https://marmelab.com/posters/sports-8.jpeg,Fuga aut temporibus voluptatem. Est et sit quos voluptate. Deleniti repellat autem reiciendis facere pariatur et et quia.,74
98,9,sp-zlexw-Q,26.8,14.34,23.01,https://marmelab.com/posters/sports-9.jpeg,https://marmelab.com/posters/sports-9.jpeg,Fuga cum numquam. Nihil est ex laudantium corrupti officia molestias nihil. Aut ipsam autem enim dicta earum. Et fugiat saepe sint animi minima est odio.,94
99,9,sp-yr9fw-J,26.81,20.48,28.13,https://marmelab.com/posters/sports-10.jpeg,https://marmelab.com/posters/sports-10.jpeg,Sit dolor veniam commodi. Voluptate accusamus eveniet ipsam rem. Accusantium sint est accusantium velit eaque non dolor beatae porro. Nihil voluptatem odit libero magni quaerat ea tempora. Non neque est quaerat totam quia officia reiciendis alias.,190
100,10,te-cqgvz-W,30.13,27.91,47.33,https://marmelab.com/posters/tech-1.jpeg,https://marmelab.com/posters/tech-1.jpeg,Fuga autem perspiciatis aliquam totam inventore qui accusantium ut. Occaecati qui qui est. Quia aliquam qui recusandae fugit autem. Nesciunt et non.,141
101,10,te-7xab9-B,12.85,37.99,26.45,https://marmelab.com/posters/tech-2.jpeg,https://marmelab.com/posters/tech-2.jpeg,Consectetur veritatis recusandae facere doloribus culpa rerum dolorem est sunt. Ad velit aut et debitis nihil. Qui ratione qui perferendis et accusamus.,196
102,10,te-04d7p-X,12.27,18.32,14.66,https://marmelab.com/posters/tech-3.jpeg,https://marmelab.com/posters/tech-3.jpeg,Non quia pariatur. Voluptas sequi quidem. Vero occaecati voluptatibus perferendis quidem voluptate vero. Assumenda sunt dolores est sed. Odio dolore provident dolorum ut vel. Hic odio dolores et ut maxime iure.,0
103,10,te-qqf31-I,19.7,31.33,34.13,https://marmelab.com/posters/tech-4.jpeg,https://marmelab.com/posters/tech-4.jpeg,Rerum id dignissimos quo dolor sint fugit consequuntur odit. Quae atque dolores molestiae aut perspiciatis. Voluptas dolor est quod ducimus excepturi quam ratione. Repellendus nihil dolores maxime ut corporis illo voluptate minima quos. Molestiae id provident cupiditate et. Error fugiat recusandae non maxime est explicabo et.,90
104,10,te-ob3e2-A,38.6,16.87,33.81,https://marmelab.com/posters/tech-5.jpeg,https://marmelab.com/posters/tech-5.jpeg,Sunt et harum sed. Ipsam dolor ut nobis. Ut nisi pariatur odio.,222
105,10,te-h8853-E,38.08,12.79,24.98,https://marmelab.com/posters/tech-6.jpeg,https://marmelab.com/posters/tech-6.jpeg,Sint quasi laboriosam minima omnis dolores porro quas expedita aut. Provident vel vel omnis voluptas sunt. Eum incidunt quia eos fuga. Sed corrupti reiciendis et deleniti et. Qui voluptas est.,0
106,10,te-kjd4t-R,16.22,24.57,21.9,https://marmelab.com/posters/tech-7.jpeg,https://marmelab.com/posters/tech-7.jpeg,Incidunt voluptatum delectus impedit tempore assumenda quasi id vitae in. Earum assumenda voluptatibus et asperiores. Aut asperiores et nam ut velit debitis voluptas ipsa.,189
107,10,te-5y5rm-K,19.35,35.38,42.61,https://marmelab.com/posters/tech-8.jpeg,https://marmelab.com/posters/tech-8.jpeg,Rerum quis reprehenderit vel officiis corporis deleniti et eligendi. Soluta voluptatibus ea aut ex. Quis deserunt enim voluptatem ut et est eius. Est nulla facere rerum totam culpa ut ut. Recusandae ut omnis ipsam. Quo voluptatum consequuntur non perferendis quis commodi.,215
108,10,te-fk2he-I,35.46,18.01,38.07,https://marmelab.com/posters/tech-9.jpeg,https://marmelab.com/posters/tech-9.jpeg,Ex iste soluta necessitatibus officiis. Voluptas qui est quis non ex qui omnis. Minus et ipsum repudiandae fugit non molestiae dolor. Voluptate necessitatibus id rem modi est. Velit quo autem voluptate.,138
109,10,te-ly49z-I,16.61,19.86,20.82,https://marmelab.com/posters/tech-10.jpeg,https://marmelab.com/posters/tech-10.jpeg,Repellendus minima amet praesentium nulla. Voluptas ea ut repudiandae atque in eaque autem praesentium consequatur. Ea repellendus nesciunt voluptate voluptatem eos aut. Voluptatem est ut. Et et aperiam neque aut qui est corrupti ipsum.,104
110,11,tr-wcxg8-A,13.57,29.94,22.17,https://marmelab.com/posters/travel-1.jpeg,https://marmelab.com/posters/travel-1.jpeg,Sed officia est ipsam voluptatem consequatur possimus neque. Occaecati perspiciatis molestiae vero placeat adipisci rem qui et tenetur. Reprehenderit laudantium enim necessitatibus perferendis reprehenderit exercitationem. Veritatis repudiandae est error. Sed cum iure sit necessitatibus numquam.,0
111,11,tr-n48ch-E,11.38,24.2,14.69,https://marmelab.com/posters/travel-2.jpeg,https://marmelab.com/posters/travel-2.jpeg,Illum autem quisquam minima ullam aut rem non laborum ipsam. Eos id ad quia sed et labore nisi dolorem et. Temporibus omnis dolorem et veritatis culpa. Corporis ut et repellendus nemo harum optio temporibus ut sunt. Aspernatur quidem enim eius.,95
112,11,tr-f41l7-B,21.41,15.12,18.61,https://marmelab.com/posters/travel-3.jpeg,https://marmelab.com/posters/travel-3.jpeg,In distinctio ex neque qui optio autem doloribus minima. Odio aliquid deleniti dolor. Aut sint quia dolorem architecto aliquid.,25
113,11,tr-9qitf-X,22.49,30.66,45.12,https://marmelab.com/posters/travel-4.jpeg,https://marmelab.com/posters/travel-4.jpeg,Laudantium nesciunt nam repudiandae. Ut quis in unde delectus cum. Tempora rerum cumque autem ut nihil aut quia quia reiciendis. Nihil quae consequatur eum tempore quibusdam alias adipisci earum aliquam.,0
114,11,tr-8n7tp-O,32.84,20.04,42.14,https://marmelab.com/posters/travel-5.jpeg,https://marmelab.com/posters/travel-5.jpeg,Maiores natus hic a qui rerum explicabo. Quae est dolores sed est natus. Harum ex asperiores maiores dolore quia. Odit minus dolorem sed iste magni.,121
115,11,tr-hqi7h-Z,29.14,14.97,25.55,https://marmelab.com/posters/travel-6.jpeg,https://marmelab.com/posters/travel-6.jpeg,Quisquam reprehenderit ea odit quisquam autem. Ut perferendis quis qui earum perspiciatis tempora autem repudiandae nisi. Recusandae omnis sit consectetur. Aut nihil eius dicta veritatis sint. Laudantium sit odio excepturi amet quia reiciendis.,191
116,11,tr-8myn5-W,35.67,37.34,76.31,https://marmelab.com/posters/travel-7.jpeg,https://marmelab.com/posters/travel-7.jpeg,Inventore accusamus itaque et quaerat libero et blanditiis. Officia quas quibusdam aut eius maiores velit enim. Corrupti nulla esse dolor tempore voluptatem mollitia sed eum. Fugit amet officia et tempore quia eum aut non.,163
117,11,tr-36kgf-G,39.23,29.57,70.52,https://marmelab.com/posters/travel-8.jpeg,https://marmelab.com/posters/travel-8.jpeg,Sunt impedit illo nostrum deserunt et. A quis quia sint quibusdam pariatur quos doloribus non. Maiores fugit maiores dignissimos qui rerum. Eum eaque voluptatem alias recusandae quod repellat qui. Incidunt et magni blanditiis commodi.,130
118,11,tr-10uij-M,26.17,15.08,25.54,https://marmelab.com/posters/travel-9.jpeg,https://marmelab.com/posters/travel-9.jpeg,Et ratione autem. Cupiditate repellendus facilis fuga aut. Dolor consequatur dolorum ut temporibus in veritatis ducimus.,136
119,11,tr-35rh3-F,14.51,31.05,23.89,https://marmelab.com/posters/travel-10.jpeg,https://marmelab.com/posters/travel-10.jpeg,Accusantium perspiciatis itaque omnis nihil. In fugit laboriosam. Reiciendis quis saepe et natus quia eum sint molestiae omnis. Doloremque perspiciatis libero officiis dolorem eum ullam. Enim delectus laborum modi ut veritatis et adipisci iure molestias. Reiciendis ut rem dolor qui laboriosam quibusdam quidem quis similique.,201
120,12,wa-ywe0c-B,20.87,28.7,31.14,https://marmelab.com/posters/water-1.jpeg,https://marmelab.com/posters/water-1.jpeg,Consequatur unde officia qui dolorem rerum ipsum. Nobis consectetur et alias. Pariatur non asperiores non non et sit non itaque.,163
121,12,wa-dnyli-Q,37.57,38.68,90.55,https://marmelab.com/posters/water-2.jpeg,https://marmelab.com/posters/water-2.jpeg,Aut ut quia nam quae. Praesentium eum beatae magnam temporibus laboriosam nihil. Placeat voluptatem corrupti soluta porro et tempora. Ipsa aperiam veniam voluptatem aut asperiores.,157
122,12,wa-xetoi-C,21.65,30.92,41.86,https://marmelab.com/posters/water-3.jpeg,https://marmelab.com/posters/water-3.jpeg,Ut beatae iure dolores quasi nihil. Sit rerum debitis blanditiis soluta. Aut fugit corporis quia. Reprehenderit consequatur exercitationem odit esse dolorem repellat illo. Aut possimus nobis.,162
123,12,wa-u21j9-M,30.33,26.54,52.35,https://marmelab.com/posters/water-4.jpeg,https://marmelab.com/posters/water-4.jpeg,Nihil necessitatibus ut et rerum. Voluptatem maiores aut. Ea eligendi consequatur qui repellat incidunt consequatur porro et.,92
124,12,wa-vmrwt-Z,24.11,37.01,48.27,https://marmelab.com/posters/water-5.jpeg,https://marmelab.com/posters/water-5.jpeg,Modi porro unde ipsam qui iure qui laudantium ut voluptatem. Sint commodi accusamus rem ipsam eos rerum eligendi. Labore qui nemo quo ducimus occaecati. Minima consectetur autem atque perferendis quibusdam nostrum sunt.,64
125,12,wa-iq4f2-F,24.22,38.89,51.69,https://marmelab.com/posters/water-6.jpeg,https://marmelab.com/posters/water-6.jpeg,Possimus illum possimus est voluptatibus maiores dolores. Officia consectetur modi aperiam. Et voluptatum eligendi nostrum mollitia corporis.,143
126,12,wa-l3r3g-G,19.09,27.91,29.54,https://marmelab.com/posters/water-7.jpeg,https://marmelab.com/posters/water-7.jpeg,Voluptatem sit est et qui nemo quas expedita sed et. Vel molestiae libero dolorem aut voluptatibus et quod facilis quos. Ab qui doloremque beatae ea nihil expedita. Reiciendis fugiat dolorem dignissimos dolorem expedita sunt et. Quo ipsa omnis.,217
127,12,wa-kuepr-Z,15.83,33.4,30.79,https://marmelab.com/posters/water-8.jpeg,https://marmelab.com/posters/water-8.jpeg,Blanditiis consectetur beatae ipsam qui maxime. Nesciunt consequuntur voluptas. Sed at eos quidem vero in.,143
128,12,wa-26kib-P,27.59,21.3,32.13,https://marmelab.com/posters/water-9.jpeg,https://marmelab.com/posters/water-9.jpeg,Aperiam quas vel et neque ut id ut dolor. Ut voluptatum possimus veniam ipsa inventore animi. Harum quasi quae et ducimus qui sapiente.,3
129,12,wa-xy0iw-K,30.49,14.16,24.47,https://marmelab.com/posters/water-10.jpeg,https://marmelab.com/posters/water-10.jpeg,Non quos sit dolores dolores aperiam reiciendis expedita blanditiis consequatur. Ab quos quis consequatur ipsum et a hic aut sunt. Ipsa et sunt molestias qui voluptatem repudiandae commodi impedit. Non assumenda non repellendus necessitatibus voluptates omnis voluptatem. Sunt quisquam aut.,101